date,hour,temp,humidity,wind_speed,weather,dayofweek
20170102,8,11,94,7.2,4,1
20170102,9,13,88,10.8,4,1
20170102,10,13,88,18.0,2,1
20170102,11,15,77,10.8,2,1
20170102,12,15,72,10.8,4,1
20170102,13,15,72,10.8,4,1
20170102,14,14,82,14.4,4,1
20170102,15,14,77,14.4,4,1
20170102,16,14,77,14.4,4,1
20170102,17,13,77,10.8,4,1
20170102,18,13,77,10.8,4,1
20170102,19,12,77,18.0,1,1
20170102,20,10,87,14.4,1,1
20170102,21,9,93,14.4,1,1
20170102,22,9,87,10.8,1,1
20170102,23,9,87,10.8,1,1
20170103,8,8,93,3.6,1,2
20170103,9,10,87,7.2,4,2
20170103,10,11,82,3.6,1,2
20170103,11,11,88,10.8,1,2
20170103,12,12,82,10.8,1,2
20170103,13,12,77,10.8,4,2
20170103,14,13,72,10.8,4,2
20170103,15,14,67,10.8,4,2
20170103,16,14,63,10.8,4,2
20170103,17,13,72,14.4,4,2
20170103,18,12,77,14.4,4,2
20170103,19,11,76,10.8,1,2
20170103,20,11,76,10.8,1,2
20170103,21,11,82,10.8,1,2
20170103,22,11,76,7.2,1,2
20170103,23,11,82,7.2,1,2
20170104,8,12,88,10.8,1,3
20170104,9,13,82,10.8,1,3
20170104,10,15,77,10.8,1,3
20170104,11,15,77,10.8,1,3
20170104,12,16,72,10.8,1,3
20170104,13,16,72,10.8,1,3
20170104,14,16,72,18.0,1,3
20170104,15,15,72,18.0,1,3
20170104,16,15,72,18.0,1,3
20170104,17,14,77,18.0,1,3
20170104,18,14,77,14.4,1,3
20170104,19,14,72,14.4,2,3
20170104,20,13,77,14.4,1,3
20170104,21,13,77,18.0,2,3
20170104,22,13,77,14.4,2,3
20170104,23,12,88,18.0,2,3
20170105,8,10,94,21.6,2,4
20170105,9,11,94,21.6,2,4
20170105,10,11,94,21.6,2,4
20170105,11,10,94,21.6,2,4
20170105,12,11,88,14.4,2,4
20170105,13,11,88,18.0,2,4
20170105,14,11,94,18.0,2,4
20170105,15,11,94,14.4,2,4
20170105,16,11,94,14.4,2,4
20170105,17,10,100,21.6,2,4
20170105,18,11,94,18.0,2,4
20170105,19,10,94,18.0,2,4
20170105,20,10,94,18.0,2,4
20170105,21,10,94,18.0,2,4
20170105,22,10,94,14.4,2,4
20170105,23,10,94,14.4,2,4
20170106,8,11,100,10.8,2,5
20170106,9,12,94,14.4,2,5
20170106,10,12,100,7.2,1,5
20170106,11,13,94,10.8,1,5
20170106,12,14,88,10.8,1,5
20170106,13,14,88,10.8,1,5
20170106,14,14,88,7.2,1,5
20170106,15,14,88,10.8,1,5
20170106,16,14,88,18.0,2,5
20170106,17,13,94,14.4,2,5
20170106,18,13,94,14.4,2,5
20170106,19,13,94,14.4,2,5
20170106,20,13,88,18.0,2,5
20170106,21,13,88,18.0,2,5
20170106,22,13,88,21.6,2,5
20170106,23,12,94,21.6,2,5
20170107,8,13,94,21.6,1,6
20170107,9,13,94,18.0,2,6
20170107,10,13,100,18.0,1,6
20170107,11,13,100,14.4,1,6
20170107,12,14,94,10.8,2,6
20170107,13,14,94,7.2,2,6
20170107,14,14,94,7.2,3,6
20170107,15,14,94,3.6,2,6
20170107,16,14,94,14.4,3,6
20170107,17,12,94,18.0,2,6
20170107,18,11,100,21.6,2,6
20170107,19,11,94,21.6,2,6
20170107,20,10,94,21.6,2,6
20170107,21,10,94,21.6,1,6
20170107,22,9,93,21.6,1,6
20170107,23,9,93,21.6,1,6
20170108,8,8,87,21.6,1,7
20170108,9,8,87,18.0,1,7
20170108,10,8,87,25.2,1,7
20170108,11,8,87,18.0,1,7
20170108,12,8,87,21.6,1,7
20170108,13,8,87,21.6,1,7
20170108,14,8,87,25.2,1,7
20170108,15,8,87,21.6,1,7
20170108,16,8,87,25.2,1,7
20170108,17,8,87,21.6,1,7
20170108,18,8,87,25.2,1,7
20170108,19,8,81,25.2,2,7
20170108,20,7,87,25.2,2,7
20170108,21,7,93,21.6,2,7
20170108,22,7,93,21.6,2,7
20170108,23,7,93,21.6,2,7
20170109,8,5,70,18.0,1,1
20170109,9,6,66,14.4,1,1
20170109,10,7,61,14.4,1,1
20170109,11,7,61,14.4,1,1
20170109,12,8,57,18.0,1,1
20170109,13,9,54,18.0,1,1
20170109,14,8,57,18.0,1,1
20170109,15,7,61,18.0,1,1
20170109,16,7,61,18.0,1,1
20170109,17,7,57,18.0,1,1
20170109,18,7,61,14.4,1,1
20170109,19,6,66,14.4,1,1
20170109,20,6,61,10.8,1,1
20170109,21,6,61,3.6,1,1
20170109,22,6,57,3.6,1,1
20170109,23,5,65,7.2,1,1
20170110,8,6,70,10.8,1,2
20170110,9,7,66,10.8,1,2
20170110,10,8,62,18.0,1,2
20170110,11,8,66,14.4,1,2
20170110,12,9,62,14.4,1,2
20170110,13,8,66,18.0,1,2
20170110,14,8,66,14.4,1,2
20170110,15,8,66,14.4,1,2
20170110,16,8,66,18.0,1,2
20170110,17,7,66,18.0,1,2
20170110,18,7,61,18.0,1,2
20170110,19,7,66,18.0,1,2
20170110,20,7,66,18.0,1,2
20170110,21,7,71,10.8,1,2
20170110,22,7,71,14.4,1,2
20170110,23,6,70,10.8,1,2
20170111,8,6,70,18.0,1,3
20170111,9,7,66,10.8,1,3
20170111,10,8,62,18.0,1,3
20170111,11,8,62,14.4,1,3
20170111,12,8,62,14.4,1,3
20170111,13,8,66,10.8,1,3
20170111,14,8,62,14.4,1,3
20170111,15,8,57,10.8,1,3
20170111,16,8,57,14.4,1,3
20170111,17,8,57,10.8,1,3
20170111,18,8,57,10.8,1,3
20170111,19,7,61,7.2,1,3
20170111,20,7,61,7.2,1,3
20170111,21,7,61,10.8,1,3
20170111,22,7,61,7.2,1,3
20170111,23,7,61,7.2,1,3
20170112,8,4,93,10.8,1,4
20170112,9,5,87,10.8,2,4
20170112,10,5,87,10.8,1,4
20170112,11,6,87,10.8,1,4
20170112,12,6,87,10.8,1,4
20170112,13,7,81,14.4,1,4
20170112,14,7,76,14.4,1,4
20170112,15,7,81,14.4,1,4
20170112,16,7,81,14.4,1,4
20170112,17,7,81,14.4,1,4
20170112,18,6,87,14.4,1,4
20170112,19,6,87,14.4,1,4
20170112,20,6,87,14.4,1,4
20170112,21,6,87,10.8,1,4
20170112,22,6,87,7.2,1,4
20170112,23,5,87,7.2,1,4
20170113,8,4,93,7.2,4,5
20170113,9,6,87,14.4,4,5
20170113,10,7,76,18.0,4,5
20170113,11,9,62,21.6,5,5
20170113,12,10,54,18.0,5,5
20170113,13,11,41,18.0,5,5
20170113,14,11,41,21.6,1,5
20170113,15,10,43,18.0,1,5
20170113,16,10,37,18.0,1,5
20170113,17,9,40,14.4,1,5
20170113,18,8,43,14.4,1,5
20170113,19,6,53,10.8,1,5
20170113,20,7,49,18.0,1,5
20170113,21,7,61,14.4,1,5
20170113,22,6,66,14.4,1,5
20170113,23,6,66,14.4,1,5
20170114,8,4,65,10.8,1,6
20170114,9,6,61,18.0,1,6
20170114,10,6,57,25.2,1,6
20170114,11,7,49,21.6,1,6
20170114,12,8,50,18.0,1,6
20170114,13,8,46,18.0,1,6
20170114,14,8,43,21.6,1,6
20170114,15,7,43,21.6,1,6
20170114,16,7,46,21.6,1,6
20170114,17,5,53,18.0,1,6
20170114,18,5,53,18.0,1,6
20170114,19,5,53,18.0,1,6
20170114,20,5,53,14.4,1,6
20170114,21,4,56,10.8,1,6
20170114,22,4,65,10.8,1,6
20170114,23,3,70,10.8,1,6
20170115,8,4,65,14.4,1,7
20170115,9,6,53,25.2,1,7
20170115,10,7,49,21.6,1,7
20170115,11,8,46,18.0,1,7
20170115,12,7,53,18.0,1,7
20170115,13,7,49,18.0,1,7
20170115,14,7,46,14.4,1,7
20170115,15,6,53,18.0,1,7
20170115,16,6,53,18.0,1,7
20170115,17,5,61,14.4,1,7
20170115,18,5,57,14.4,1,7
20170115,19,5,61,14.4,1,7
20170115,20,5,61,14.4,1,7
20170115,21,5,57,14.4,1,7
20170115,22,4,65,14.4,1,7
20170115,23,4,65,10.8,1,7
20170116,8,3,81,7.2,1,1
20170116,9,6,61,14.4,1,1
20170116,10,7,57,10.8,1,1
20170116,11,7,49,10.8,1,1
20170116,12,8,53,14.4,1,1
20170116,13,8,50,10.8,1,1
20170116,14,8,50,14.4,1,1
20170116,15,9,43,10.8,1,1
20170116,16,8,46,14.4,1,1
20170116,17,7,53,18.0,1,1
20170116,18,6,57,21.6,1,1
20170116,19,6,53,14.4,1,1
20170116,20,6,57,10.8,1,1
20170116,21,5,65,10.8,1,1
20170116,22,5,65,10.8,1,1
20170116,23,5,65,10.8,1,1
20170117,8,6,81,7.2,1,2
20170117,9,8,66,10.8,1,2
20170117,10,9,62,14.4,1,2
20170117,11,10,58,10.8,1,2
20170117,12,10,58,14.4,1,2
20170117,13,9,66,10.8,1,2
20170117,14,9,66,10.8,1,2
20170117,15,10,62,10.8,1,2
20170117,16,9,66,7.2,2,2
20170117,17,9,71,10.8,1,2
20170117,18,9,71,10.8,1,2
20170117,19,9,71,7.2,1,2
20170117,20,9,76,7.2,2,2
20170117,21,9,76,10.8,1,2
20170117,22,9,76,14.4,1,2
20170117,23,9,76,10.8,1,2
20170118,8,9,82,14.4,1,3
20170118,9,9,82,18.0,2,3
20170118,10,8,93,14.4,2,3
20170118,11,8,87,14.4,2,3
20170118,12,8,93,10.8,2,3
20170118,13,8,87,14.4,2,3
20170118,14,8,87,18.0,1,3
20170118,15,8,87,18.0,1,3
20170118,16,8,81,21.6,2,3
20170118,17,8,81,18.0,2,3
20170118,18,8,76,18.0,2,3
20170118,19,8,71,14.4,2,3
20170118,20,8,76,14.4,2,3
20170118,21,8,81,14.4,2,3
20170118,22,8,76,7.2,2,3
20170118,23,8,76,10.8,1,3
20170119,8,7,87,7.2,1,4
20170119,9,8,81,7.2,1,4
20170119,10,8,76,14.4,1,4
20170119,11,8,76,10.8,1,4
20170119,12,8,76,7.2,1,4
20170119,13,8,76,10.8,1,4
20170119,14,8,76,10.8,1,4
20170119,15,8,76,7.2,1,4
20170119,16,8,76,10.8,1,4
20170119,17,8,76,10.8,1,4
20170119,18,8,76,14.4,1,4
20170119,19,8,76,18.0,1,4
20170119,20,8,76,18.0,1,4
20170119,21,7,87,14.4,1,4
20170119,22,8,76,18.0,1,4
20170119,23,7,76,21.6,1,4
20170120,8,2,52,32.4,1,5
20170120,9,2,44,36.0,1,5
20170120,10,3,41,36.0,1,5
20170120,11,4,33,32.4,1,5
20170120,12,4,36,28.8,1,5
20170120,13,4,31,32.4,1,5
20170120,14,4,33,28.8,1,5
20170120,15,4,31,28.8,1,5
20170120,16,3,36,21.6,1,5
20170120,17,2,38,21.6,1,5
20170120,18,1,41,18.0,1,5
20170120,19,1,48,14.4,1,5
20170120,20,0,60,14.4,1,5
20170120,21,0,64,14.4,1,5
20170120,22,-2,74,10.8,1,5
20170120,23,-2,74,7.2,1,5
20170121,8,0,75,10.8,1,6
20170121,9,1,60,10.8,1,6
20170121,10,4,33,10.8,1,6
20170121,11,5,31,10.8,1,6
20170121,12,6,31,10.8,1,6
20170121,13,6,34,10.8,1,6
20170121,14,8,32,10.8,1,6
20170121,15,7,34,18.0,1,6
20170121,16,7,37,14.4,1,6
20170121,17,6,39,14.4,1,6
20170121,18,5,45,7.2,1,6
20170121,19,4,45,10.8,1,6
20170121,20,3,48,14.4,1,6
20170121,21,3,48,10.8,1,6
20170121,22,3,48,7.2,1,6
20170121,23,3,48,10.8,1,6
20170122,8,2,65,14.4,1,7
20170122,9,3,65,18.0,1,7
20170122,10,5,53,18.0,1,7
20170122,11,6,46,18.0,1,7
20170122,12,7,34,21.6,1,7
20170122,13,7,31,18.0,1,7
20170122,14,7,34,18.0,1,7
20170122,15,7,31,14.4,1,7
20170122,16,6,27,21.6,1,7
20170122,17,5,33,14.4,1,7
20170122,18,4,36,14.4,1,7
20170122,19,2,44,14.4,1,7
20170122,20,3,52,14.4,1,7
20170122,21,3,45,10.8,1,7
20170122,22,2,48,7.2,1,7
20170122,23,2,52,14.4,1,7
20170123,8,1,75,7.2,1,1
20170123,9,4,52,14.4,1,1
20170123,10,5,42,14.4,1,1
20170123,11,6,39,14.4,1,1
20170123,12,7,37,10.8,1,1
20170123,13,7,37,14.4,1,1
20170123,14,7,37,18.0,1,1
20170123,15,7,37,14.4,1,1
20170123,16,6,36,10.8,1,1
20170123,17,5,36,14.4,1,1
20170123,18,5,39,14.4,1,1
20170123,19,4,45,18.0,1,1
20170123,20,3,56,14.4,1,1
20170123,21,3,56,10.8,1,1
20170123,22,2,60,10.8,1,1
20170123,23,2,65,7.2,1,1
20170124,8,3,70,7.2,1,2
20170124,9,5,61,14.4,1,2
20170124,10,6,57,18.0,1,2
20170124,11,8,50,14.4,1,2
20170124,12,9,43,14.4,1,2
20170124,13,9,43,10.8,1,2
20170124,14,9,43,14.4,1,2
20170124,15,9,40,10.8,1,2
20170124,16,8,43,10.8,1,2
20170124,17,7,49,14.4,1,2
20170124,18,7,53,18.0,1,2
20170124,19,6,61,14.4,1,2
20170124,20,6,61,14.4,1,2
20170124,21,6,61,14.4,1,2
20170124,22,6,61,10.8,1,2
20170124,23,5,65,10.8,1,2
20170125,8,7,66,10.8,1,3
20170125,9,8,62,14.4,1,3
20170125,10,8,62,18.0,1,3
20170125,11,10,54,14.4,1,3
20170125,12,10,54,14.4,1,3
20170125,13,11,50,18.0,1,3
20170125,14,11,50,10.8,1,3
20170125,15,11,50,14.4,1,3
20170125,16,10,58,10.8,1,3
20170125,17,9,62,14.4,1,3
20170125,18,8,66,14.4,1,3
20170125,19,7,71,14.4,1,3
20170125,20,7,66,10.8,1,3
20170125,21,7,71,10.8,1,3
20170125,22,6,76,10.8,1,3
20170125,23,6,76,7.2,1,3
20170126,8,6,81,14.4,1,4
20170126,9,8,76,18.0,1,4
20170126,10,10,66,14.4,1,4
20170126,11,12,58,18.0,1,4
20170126,12,12,58,14.4,1,4
20170126,13,12,58,18.0,1,4
20170126,14,13,54,14.4,1,4
20170126,15,13,51,14.4,1,4
20170126,16,12,51,14.4,1,4
20170126,17,11,54,18.0,1,4
20170126,18,10,62,14.4,1,4
20170126,19,9,71,14.4,1,4
20170126,20,8,71,7.2,1,4
20170126,21,6,76,7.2,1,4
20170126,22,7,81,7.2,1,4
20170126,23,7,81,21.6,1,4
20170127,8,6,93,10.8,4,5
20170127,9,8,81,25.2,1,5
20170127,10,8,81,25.2,1,5
20170127,11,10,71,28.8,1,5
20170127,12,10,66,21.6,1,5
20170127,13,9,66,28.8,1,5
20170127,14,9,62,25.2,1,5
20170127,15,9,62,21.6,1,5
20170127,16,9,62,21.6,1,5
20170127,17,8,66,18.0,1,5
20170127,18,8,66,18.0,1,5
20170127,19,7,66,14.4,1,5
20170127,20,7,66,7.2,1,5
20170127,21,7,66,14.4,1,5
20170127,22,7,66,10.8,1,5
20170127,23,6,76,10.8,1,5
20170128,8,8,81,10.8,1,6
20170128,9,10,71,14.4,1,6
20170128,10,11,71,18.0,1,6
20170128,11,12,72,18.0,1,6
20170128,12,14,63,28.8,1,6
20170128,13,14,63,25.2,1,6
20170128,14,15,59,21.6,1,6
20170128,15,15,63,25.2,1,6
20170128,16,14,67,25.2,1,6
20170128,17,14,67,18.0,1,6
20170128,18,12,77,21.6,1,6
20170128,19,12,82,18.0,1,6
20170128,20,12,82,21.6,1,6
20170128,21,12,88,21.6,1,6
20170128,22,11,94,14.4,1,6
20170128,23,11,94,18.0,1,6
20170129,8,11,100,7.2,4,7
20170129,9,14,82,7.2,4,7
20170129,10,17,68,10.8,1,7
20170129,11,20,60,10.8,1,7
20170129,12,22,53,14.4,1,7
20170129,13,23,50,21.6,1,7
20170129,14,22,46,21.6,1,7
20170129,15,21,46,18.0,1,7
20170129,16,18,56,25.2,5,7
20170129,17,15,67,25.2,5,7
20170129,18,14,72,28.8,5,7
20170129,19,12,77,32.4,4,7
20170129,20,11,76,32.4,1,7
20170129,21,9,87,36.0,2,7
20170129,22,8,93,28.8,2,7
20170129,23,7,93,28.8,2,7
20170130,8,3,70,25.2,1,1
20170130,9,3,70,25.2,1,1
20170130,10,4,65,25.2,1,1
20170130,11,4,61,21.6,1,1
20170130,12,4,61,28.8,1,1
20170130,13,4,52,32.4,1,1
20170130,14,6,49,28.8,1,1
20170130,15,4,52,25.2,1,1
20170130,16,4,52,25.2,1,1
20170130,17,3,52,28.8,1,1
20170130,18,3,52,21.6,1,1
20170130,19,2,60,21.6,1,1
20170130,20,2,56,18.0,1,1
20170130,21,2,60,14.4,1,1
20170130,22,2,60,14.4,1,1
20170130,23,2,60,18.0,1,1
20170131,8,3,56,10.8,1,2
20170131,9,4,56,7.2,1,2
20170131,10,4,56,7.2,1,2
20170131,11,5,57,7.2,1,2
20170131,12,6,53,10.8,1,2
20170131,13,7,46,7.2,1,2
20170131,14,7,49,7.2,1,2
20170131,15,7,53,10.8,1,2
20170131,16,7,49,14.4,1,2
20170131,17,6,53,10.8,1,2
20170131,18,5,61,14.4,1,2
20170131,19,5,57,10.8,1,2
20170131,20,5,61,14.4,1,2
20170131,21,5,65,10.8,1,2
20170131,22,5,65,7.2,1,2
20170131,23,5,65,7.2,1,2
20170201,8,4,75,14.4,1,3
20170201,9,5,70,21.6,1,3
20170201,10,5,76,18.0,1,3
20170201,11,6,66,21.6,1,3
20170201,12,5,70,18.0,1,3
20170201,13,5,65,18.0,1,3
20170201,14,5,61,25.2,1,3
20170201,15,5,65,21.6,1,3
20170201,16,5,65,21.6,1,3
20170201,17,5,65,18.0,1,3
20170201,18,5,65,18.0,1,3
20170201,19,3,75,10.8,1,3
20170201,20,3,75,14.4,1,3
20170201,21,3,70,10.8,1,3
20170201,22,3,70,10.8,1,3
20170201,23,2,81,7.2,1,3
20170202,8,3,75,7.2,1,4
20170202,9,5,61,14.4,1,4
20170202,10,6,53,10.8,1,4
20170202,11,7,53,10.8,1,4
20170202,12,9,46,10.8,1,4
20170202,13,8,50,10.8,1,4
20170202,14,9,46,10.8,1,4
20170202,15,8,50,14.4,1,4
20170202,16,7,57,14.4,1,4
20170202,17,7,57,14.4,1,4
20170202,18,6,61,14.4,1,4
20170202,19,5,65,14.4,1,4
20170202,20,5,65,10.8,1,4
20170202,21,5,65,10.8,1,4
20170202,22,5,70,3.6,1,4
20170202,23,5,76,7.2,1,4
20170203,8,8,71,14.4,1,5
20170203,9,8,76,10.8,1,5
20170203,10,8,81,7.2,2,5
20170203,11,8,81,10.8,1,5
20170203,12,9,82,10.8,1,5
20170203,13,9,82,10.8,1,5
20170203,14,10,71,10.8,1,5
20170203,15,10,76,7.2,1,5
20170203,16,10,76,7.2,1,5
20170203,17,10,76,7.2,1,5
20170203,18,9,82,7.2,2,5
20170203,19,9,82,10.8,2,5
20170203,20,9,87,3.6,2,5
20170203,21,9,87,3.6,2,5
20170203,22,9,87,3.6,2,5
20170203,23,8,100,1.0,2,5
20170204,8,8,100,10.8,1,6
20170204,9,8,100,10.8,1,6
20170204,10,8,100,10.8,1,6
20170204,11,9,93,3.6,1,6
20170204,12,9,93,7.2,1,6
20170204,13,9,93,7.2,1,6
20170204,14,10,87,7.2,1,6
20170204,15,10,82,10.8,1,6
20170204,16,10,82,10.8,1,6
20170204,17,9,87,10.8,1,6
20170204,18,8,93,14.4,1,6
20170204,19,8,93,10.8,1,6
20170204,20,8,93,7.2,1,6
20170204,21,8,93,10.8,1,6
20170204,22,8,93,7.2,1,6
20170204,23,8,93,10.8,4,6
20170205,8,7,81,14.4,1,7
20170205,9,7,81,21.6,1,7
20170205,10,8,71,25.2,1,7
20170205,11,8,71,18.0,1,7
20170205,12,8,76,14.4,1,7
20170205,13,8,71,21.6,1,7
20170205,14,9,66,14.4,5,7
20170205,15,10,62,14.4,5,7
20170205,16,9,66,14.4,5,7
20170205,17,8,71,10.8,5,7
20170205,18,7,71,7.2,5,7
20170205,19,8,71,3.6,5,7
20170205,20,7,76,7.2,4,7
20170205,21,6,81,7.2,4,7
20170205,22,6,81,3.6,4,7
20170205,23,5,81,7.2,4,7
20170206,8,5,81,10.8,4,1
20170206,9,7,71,14.4,5,1
20170206,10,8,62,21.6,5,1
20170206,11,9,58,21.6,5,1
20170206,12,9,50,14.4,1,1
20170206,13,9,46,18.0,1,1
20170206,14,10,40,18.0,1,1
20170206,15,10,43,21.6,1,1
20170206,16,9,46,18.0,1,1
20170206,17,8,50,18.0,1,1
20170206,18,7,57,21.6,1,1
20170206,19,6,61,25.2,1,1
20170206,20,6,61,21.6,1,1
20170206,21,5,61,21.6,1,1
20170206,22,5,61,18.0,1,1
20170206,23,4,70,14.4,1,1
20170207,8,6,61,14.4,1,2
20170207,9,7,57,10.8,1,2
20170207,10,7,57,10.8,1,2
20170207,11,8,53,14.4,1,2
20170207,12,8,57,14.4,1,2
20170207,13,8,57,10.8,1,2
20170207,14,9,50,10.8,1,2
20170207,15,10,50,10.8,1,2
20170207,16,10,50,14.4,1,2
20170207,17,9,54,14.4,1,2
20170207,18,8,62,14.4,1,2
20170207,19,8,62,14.4,1,2
20170207,20,8,62,14.4,1,2
20170207,21,7,66,14.4,1,2
20170207,22,7,66,14.4,1,2
20170207,23,7,66,14.4,1,2
20170208,8,5,93,18.0,2,3
20170208,9,5,93,18.0,2,3
20170208,10,5,87,14.4,2,3
20170208,11,6,87,18.0,2,3
20170208,12,6,81,21.6,2,3
20170208,13,4,93,21.6,2,3
20170208,14,4,93,18.0,1,3
20170208,15,4,87,21.6,2,3
20170208,16,3,93,18.0,2,3
20170208,17,3,93,18.0,2,3
20170208,18,3,93,21.6,2,3
20170208,19,3,93,18.0,1,3
20170208,20,3,93,21.6,1,3
20170208,21,3,87,25.2,1,3
20170208,22,2,93,21.6,1,3
20170208,23,2,93,25.2,2,3
20170209,8,1,87,18.0,1,4
20170209,9,2,75,21.6,1,4
20170209,10,3,75,21.6,1,4
20170209,11,4,61,28.8,5,4
20170209,12,5,49,28.8,5,4
20170209,13,6,39,28.8,1,4
20170209,14,7,37,28.8,1,4
20170209,15,6,34,28.8,1,4
20170209,16,5,39,32.4,1,4
20170209,17,5,39,25.2,1,4
20170209,18,4,36,21.6,1,4
20170209,19,3,41,21.6,1,4
20170209,20,3,45,21.6,1,4
20170209,21,3,45,21.6,1,4
20170209,22,2,52,18.0,1,4
20170209,23,2,56,14.4,1,4
20170210,8,1,44,14.4,1,5
20170210,9,3,33,25.2,1,5
20170210,10,5,26,28.8,1,5
20170210,11,5,26,28.8,1,5
20170210,12,6,23,25.2,1,5
20170210,13,6,21,28.8,1,5
20170210,14,7,21,25.2,1,5
20170210,15,7,23,32.4,1,5
20170210,16,6,25,32.4,1,5
20170210,17,6,25,28.8,1,5
20170210,18,5,29,21.6,1,5
20170210,19,4,33,18.0,1,5
20170210,20,3,33,21.6,1,5
20170210,21,3,33,18.0,1,5
20170210,22,2,38,14.4,1,5
20170210,23,2,38,10.8,1,5
20170211,8,2,48,10.8,1,6
20170211,9,4,42,18.0,1,6
20170211,10,6,25,18.0,1,6
20170211,11,7,23,21.6,1,6
20170211,12,8,23,14.4,1,6
20170211,13,8,20,18.0,1,6
20170211,14,8,18,18.0,1,6
20170211,15,8,20,14.4,1,6
20170211,16,8,20,10.8,1,6
20170211,17,7,21,14.4,1,6
20170211,18,5,26,10.8,1,6
20170211,19,5,29,7.2,1,6
20170211,20,4,36,7.2,1,6
20170211,21,4,36,7.2,1,6
20170211,22,3,45,3.6,1,6
20170211,23,2,56,3.6,1,6
20170212,8,3,70,3.6,1,7
20170212,9,7,46,10.8,1,7
20170212,10,9,34,10.8,1,7
20170212,11,10,28,10.8,1,7
20170212,12,12,22,7.2,1,7
20170212,13,11,22,7.2,1,7
20170212,14,12,22,7.2,1,7
20170212,15,12,24,7.2,1,7
20170212,16,13,20,7.2,1,7
20170212,17,11,24,7.2,1,7
20170212,18,9,32,14.4,1,7
20170212,19,8,34,10.8,1,7
20170212,20,6,39,10.8,1,7
20170212,21,6,36,10.8,1,7
20170212,22,5,39,7.2,1,7
20170212,23,5,45,10.8,1,7
20170213,8,7,66,3.6,1,1
20170213,9,9,50,10.8,1,1
20170213,10,11,38,10.8,1,1
20170213,11,13,26,10.8,1,1
20170213,12,14,29,7.2,1,1
20170213,13,15,27,10.8,1,1
20170213,14,16,25,7.2,1,1
20170213,15,15,25,7.2,1,1
20170213,16,15,29,7.2,1,1
20170213,17,14,33,10.8,1,1
20170213,18,11,41,14.4,1,1
20170213,19,9,46,7.2,1,1
20170213,20,9,43,7.2,1,1
20170213,21,8,46,7.2,1,1
20170213,22,8,43,7.2,1,1
20170213,23,7,46,7.2,1,1
20170214,8,9,71,1.0,1,2
20170214,9,12,54,3.6,1,2
20170214,10,13,38,3.6,1,2
20170214,11,14,25,10.8,1,2
20170214,12,15,19,14.4,1,2
20170214,13,16,19,14.4,1,2
20170214,14,16,19,10.8,1,2
20170214,15,16,16,14.4,1,2
20170214,16,15,20,14.4,1,2
20170214,17,14,23,18.0,1,2
20170214,18,12,30,18.0,1,2
20170214,19,11,35,14.4,1,2
20170214,20,9,40,14.4,1,2
20170214,21,9,40,10.8,1,2
20170214,22,8,43,10.8,1,2
20170214,23,8,43,7.2,1,2
20170215,8,9,62,14.4,1,3
20170215,9,11,58,21.6,1,3
20170215,10,12,51,25.2,1,3
20170215,11,14,44,25.2,1,3
20170215,12,15,39,25.2,1,3
20170215,13,15,42,21.6,1,3
20170215,14,16,42,21.6,1,3
20170215,15,16,39,21.6,1,3
20170215,16,15,42,21.6,1,3
20170215,17,14,48,18.0,1,3
20170215,18,13,51,14.4,1,3
20170215,19,12,58,14.4,1,3
20170215,20,11,67,14.4,1,3
20170215,21,11,67,21.6,1,3
20170215,22,10,71,18.0,1,3
20170215,23,10,71,18.0,1,3
20170216,8,12,77,10.8,1,4
20170216,9,15,63,14.4,1,4
20170216,10,16,55,14.4,1,4
20170216,11,16,59,14.4,2,4
20170216,12,16,59,14.4,1,4
20170216,13,19,52,18.0,1,4
20170216,14,19,52,18.0,1,4
20170216,15,19,49,18.0,1,4
20170216,16,18,52,14.4,1,4
20170216,17,17,55,14.4,1,4
20170216,18,17,59,14.4,1,4
20170216,19,16,72,14.4,1,4
20170216,20,15,77,14.4,1,4
20170216,21,14,82,10.8,1,4
20170216,22,13,88,7.2,1,4
20170216,23,13,88,7.2,1,4
20170217,8,9,87,28.8,1,5
20170217,9,9,87,36.0,1,5
20170217,10,9,87,32.4,1,5
20170217,11,8,87,28.8,1,5
20170217,12,8,81,28.8,1,5
20170217,13,8,76,25.2,1,5
20170217,14,8,71,25.2,1,5
20170217,15,8,66,21.6,1,5
20170217,16,8,62,25.2,1,5
20170217,17,7,66,21.6,1,5
20170217,18,7,61,21.6,1,5
20170217,19,7,61,21.6,1,5
20170217,20,6,66,21.6,1,5
20170217,21,5,76,18.0,2,5
20170217,22,5,81,10.8,2,5
20170217,23,5,76,14.4,1,5
20170218,8,5,76,10.8,1,6
20170218,9,7,66,3.6,1,6
20170218,10,8,62,7.2,1,6
20170218,11,10,54,7.2,1,6
20170218,12,11,50,7.2,1,6
20170218,13,12,41,7.2,1,6
20170218,14,13,38,3.6,1,6
20170218,15,13,38,7.2,1,6
20170218,16,14,36,3.6,1,6
20170218,17,13,38,7.2,1,6
20170218,18,10,62,18.0,1,6
20170218,19,8,71,18.0,1,6
20170218,20,7,76,14.4,1,6
20170218,21,7,76,14.4,1,6
20170218,22,6,81,14.4,1,6
20170218,23,6,81,10.8,1,6
20170219,8,9,71,28.8,1,7
20170219,9,11,67,28.8,1,7
20170219,10,13,58,28.8,1,7
20170219,11,15,55,21.6,1,7
20170219,12,16,52,25.2,1,7
20170219,13,18,49,21.6,1,7
20170219,14,19,46,25.2,1,7
20170219,15,19,43,25.2,1,7
20170219,16,18,45,25.2,1,7
20170219,17,17,52,14.4,1,7
20170219,18,16,59,18.0,1,7
20170219,19,16,59,14.4,1,7
20170219,20,17,59,21.6,1,7
20170219,21,17,59,18.0,1,7
20170219,22,16,63,14.4,1,7
20170219,23,16,68,14.4,2,7
20170220,8,14,77,32.4,1,1
20170220,9,11,82,36.0,1,1
20170220,10,9,82,39.6,1,1
20170220,11,9,71,39.6,1,1
20170220,12,8,71,39.6,1,1
20170220,13,8,62,36.0,1,1
20170220,14,8,57,36.0,1,1
20170220,15,7,57,32.4,1,1
20170220,16,6,61,32.4,1,1
20170220,17,5,61,28.8,1,1
20170220,18,5,61,25.2,1,1
20170220,19,5,61,32.4,1,1
20170220,20,5,61,21.6,1,1
20170220,21,5,57,28.8,1,1
20170220,22,4,61,28.8,1,1
20170220,23,4,61,28.8,1,1
20170221,8,6,61,18.0,1,2
20170221,9,6,66,18.0,1,2
20170221,10,7,61,18.0,1,2
20170221,11,7,66,18.0,1,2
20170221,12,8,62,18.0,1,2
20170221,13,8,66,18.0,1,2
20170221,14,9,62,21.6,1,2
20170221,15,9,66,18.0,1,2
20170221,16,9,66,21.6,1,2
20170221,17,9,71,21.6,1,2
20170221,18,9,71,21.6,1,2
20170221,19,9,76,25.2,1,2
20170221,20,10,71,25.2,1,2
20170221,21,10,76,21.6,1,2
20170221,22,10,76,25.2,1,2
20170221,23,11,76,25.2,1,2
20170222,8,8,87,21.6,1,3
20170222,9,8,87,21.6,1,3
20170222,10,7,87,25.2,1,3
20170222,11,7,81,28.8,1,3
20170222,12,6,93,28.8,2,3
20170222,13,6,87,25.2,2,3
20170222,14,6,87,25.2,2,3
20170222,15,5,93,21.6,2,3
20170222,16,5,87,25.2,2,3
20170222,17,5,87,21.6,2,3
20170222,18,5,87,21.6,1,3
20170222,19,5,87,21.6,1,3
20170222,20,5,87,18.0,1,3
20170222,21,4,87,25.2,2,3
20170222,22,4,87,21.6,1,3
20170222,23,4,81,18.0,1,3
20170223,8,3,81,21.6,1,4
20170223,9,3,81,21.6,1,4
20170223,10,4,75,25.2,1,4
20170223,11,5,76,21.6,1,4
20170223,12,6,70,21.6,1,4
20170223,13,6,66,21.6,1,4
20170223,14,7,57,25.2,1,4
20170223,15,7,53,28.8,1,4
20170223,16,6,53,21.6,1,4
20170223,17,6,53,25.2,1,4
20170223,18,5,61,21.6,1,4
20170223,19,5,57,18.0,1,4
20170223,20,4,61,18.0,1,4
20170223,21,4,65,14.4,1,4
20170223,22,4,65,10.8,1,4
20170223,23,4,65,14.4,1,4
20170224,8,4,65,10.8,1,5
20170224,9,5,65,10.8,1,5
20170224,10,5,61,10.8,1,5
20170224,11,8,53,14.4,1,5
20170224,12,9,40,14.4,1,5
20170224,13,9,34,21.6,1,5
20170224,14,10,35,18.0,1,5
20170224,15,10,35,18.0,1,5
20170224,16,9,40,14.4,1,5
20170224,17,8,43,7.2,1,5
20170224,18,8,40,7.2,1,5
20170224,19,7,46,10.8,1,5
20170224,20,6,61,14.4,1,5
20170224,21,5,65,10.8,1,5
20170224,22,5,70,7.2,1,5
20170224,23,5,70,7.2,1,5
20170225,8,6,70,3.6,1,6
20170225,9,8,62,10.8,1,6
20170225,10,9,50,7.2,1,6
20170225,11,11,41,7.2,1,6
20170225,12,11,33,7.2,1,6
20170225,13,12,33,7.2,1,6
20170225,14,13,29,3.6,1,6
20170225,15,13,33,3.6,1,6
20170225,16,13,31,3.6,1,6
20170225,17,12,30,3.6,1,6
20170225,18,9,54,18.0,1,6
20170225,19,8,53,14.4,1,6
20170225,20,8,53,10.8,1,6
20170225,21,7,57,7.2,1,6
20170225,22,7,61,7.2,1,6
20170225,23,6,70,7.2,1,6
20170226,8,8,76,1.0,4,7
20170226,9,10,58,7.2,4,7
20170226,10,12,44,10.8,4,7
20170226,11,14,38,7.2,4,7
20170226,12,15,36,7.2,4,7
20170226,13,15,31,7.2,4,7
20170226,14,15,31,10.8,4,7
20170226,15,15,29,7.2,4,7
20170226,16,14,31,7.2,4,7
20170226,17,14,31,10.8,4,7
20170226,18,12,35,10.8,4,7
20170226,19,12,35,10.8,4,7
20170226,20,11,44,10.8,4,7
20170226,21,10,43,7.2,1,7
20170226,22,10,54,10.8,1,7
20170226,23,9,62,10.8,5,7
20170227,8,7,81,3.6,1,1
20170227,9,10,37,10.8,1,1
20170227,10,12,28,14.4,1,1
20170227,11,13,26,10.8,1,1
20170227,12,14,29,10.8,1,1
20170227,13,15,25,10.8,1,1
20170227,14,15,25,14.4,1,1
20170227,15,15,23,10.8,1,1
20170227,16,14,23,14.4,1,1
20170227,17,13,26,14.4,1,1
20170227,18,12,28,18.0,1,1
20170227,19,10,40,18.0,1,1
20170227,20,9,46,14.4,1,1
20170227,21,8,43,7.2,1,1
20170227,22,8,46,10.8,1,1
20170227,23,8,50,14.4,1,1
20170228,8,9,76,7.2,1,2
20170228,9,10,66,14.4,1,2
20170228,10,12,51,14.4,1,2
20170228,11,14,41,21.6,1,2
20170228,12,14,41,18.0,1,2
20170228,13,15,39,10.8,1,2
20170228,14,15,34,10.8,1,2
20170228,15,15,39,14.4,1,2
20170228,16,15,39,18.0,1,2
20170228,17,13,44,18.0,1,2
20170228,18,12,44,18.0,1,2
20170228,19,11,54,14.4,1,2
20170228,20,10,62,18.0,1,2
20170228,21,10,66,10.8,1,2
20170228,22,10,66,14.4,1,2
20170228,23,10,71,10.8,1,2
20170301,8,10,76,14.4,1,3
20170301,9,13,63,10.8,1,3
20170301,10,14,55,14.4,1,3
20170301,11,15,51,21.6,1,3
20170301,12,16,45,25.2,1,3
20170301,13,15,45,28.8,1,3
20170301,14,17,37,32.4,1,3
20170301,15,16,39,28.8,1,3
20170301,16,16,39,25.2,1,3
20170301,17,16,39,25.2,1,3
20170301,18,12,58,18.0,1,3
20170301,19,11,58,14.4,1,3
20170301,20,12,54,21.6,1,3
20170301,21,11,50,25.2,1,3
20170301,22,11,50,36.0,1,3
20170301,23,8,71,25.2,1,3
20170302,8,4,61,25.2,1,4
20170302,9,5,57,25.2,1,4
20170302,10,6,53,25.2,1,4
20170302,11,8,40,25.2,1,4
20170302,12,10,26,28.8,1,4
20170302,13,10,26,25.2,1,4
20170302,14,10,28,18.0,1,4
20170302,15,11,28,14.4,1,4
20170302,16,10,26,14.4,1,4
20170302,17,9,30,14.4,1,4
20170302,18,9,27,10.8,1,4
20170302,19,8,37,10.8,1,4
20170302,20,7,39,10.8,1,4
20170302,21,6,42,7.2,1,4
20170302,22,7,39,3.6,1,4
20170302,23,6,53,14.4,1,4
20170303,8,7,66,14.4,1,5
20170303,9,9,50,21.6,1,5
20170303,10,11,41,21.6,1,5
20170303,11,13,36,21.6,1,5
20170303,12,13,36,21.6,1,5
20170303,13,13,36,21.6,1,5
20170303,14,14,31,21.6,1,5
20170303,15,14,33,21.6,1,5
20170303,16,14,31,18.0,1,5
20170303,17,13,38,18.0,1,5
20170303,18,12,44,18.0,1,5
20170303,19,11,50,14.4,1,5
20170303,20,11,54,10.8,1,5
20170303,21,10,62,18.0,1,5
20170303,22,10,66,14.4,1,5
20170303,23,9,71,14.4,1,5
20170304,8,10,76,7.2,1,6
20170304,9,13,63,3.6,1,6
20170304,10,16,48,3.6,1,6
20170304,11,18,40,3.6,1,6
20170304,12,19,32,7.2,1,6
20170304,13,20,30,10.8,1,6
20170304,14,21,25,7.2,1,6
20170304,15,21,27,3.6,1,6
20170304,16,19,40,18.0,1,6
20170304,17,17,42,18.0,1,6
20170304,18,16,45,18.0,1,6
20170304,19,14,48,10.8,1,6
20170304,20,13,54,10.8,1,6
20170304,21,13,58,7.2,1,6
20170304,22,13,58,7.2,1,6
20170304,23,13,58,7.2,1,6
20170305,8,11,94,7.2,4,7
20170305,9,11,94,7.2,1,7
20170305,10,12,88,7.2,1,7
20170305,11,13,67,7.2,5,7
20170305,12,13,63,7.2,1,7
20170305,13,13,58,10.8,1,7
20170305,14,14,55,7.2,1,7
20170305,15,14,51,7.2,1,7
20170305,16,13,63,3.6,1,7
20170305,17,13,67,10.8,1,7
20170305,18,12,77,7.2,1,7
20170305,19,11,82,1.0,1,7
20170305,20,11,82,7.2,1,7
20170305,21,11,82,7.2,1,7
20170305,22,11,82,14.4,1,7
20170305,23,11,82,14.4,1,7
20170306,8,7,61,21.6,1,1
20170306,9,9,50,21.6,1,1
20170306,10,10,47,21.6,1,1
20170306,11,10,37,21.6,1,1
20170306,12,12,35,18.0,1,1
20170306,13,13,33,18.0,1,1
20170306,14,12,30,14.4,1,1
20170306,15,12,26,21.6,1,1
20170306,16,11,28,14.4,1,1
20170306,17,11,28,10.8,1,1
20170306,18,9,34,10.8,1,1
20170306,19,9,34,14.4,1,1
20170306,20,8,50,14.4,1,1
20170306,21,8,43,14.4,1,1
20170306,22,7,46,10.8,1,1
20170306,23,7,49,7.2,1,1
20170307,8,9,54,10.8,1,2
20170307,9,11,44,10.8,1,2
20170307,10,12,41,10.8,1,2
20170307,11,13,36,10.8,1,2
20170307,12,14,31,10.8,1,2
20170307,13,14,29,7.2,1,2
20170307,14,15,29,14.4,1,2
20170307,15,15,31,7.2,1,2
20170307,16,14,33,10.8,1,2
20170307,17,14,27,7.2,1,2
20170307,18,11,58,25.2,1,2
20170307,19,10,66,14.4,1,2
20170307,20,8,76,21.6,1,2
20170307,21,8,71,21.6,1,2
20170307,22,7,71,21.6,1,2
20170307,23,6,76,18.0,1,2
20170308,8,7,71,7.2,1,3
20170308,9,9,62,14.4,1,3
20170308,10,10,58,14.4,1,3
20170308,11,11,50,18.0,1,3
20170308,12,13,41,18.0,1,3
20170308,13,14,36,21.6,1,3
20170308,14,14,38,14.4,1,3
20170308,15,15,29,21.6,1,3
20170308,16,14,29,25.2,1,3
20170308,17,13,25,25.2,1,3
20170308,18,11,30,18.0,1,3
20170308,19,11,33,14.4,1,3
20170308,20,9,37,10.8,1,3
20170308,21,9,54,10.8,1,3
20170308,22,8,66,14.4,1,3
20170308,23,8,62,10.8,1,3
20170309,8,10,76,3.6,4,4
20170309,9,12,41,10.8,1,4
20170309,10,15,31,10.8,1,4
20170309,11,15,34,10.8,1,4
20170309,12,16,27,18.0,1,4
20170309,13,17,27,14.4,1,4
20170309,14,17,26,14.4,1,4
20170309,15,18,22,7.2,1,4
20170309,16,17,26,7.2,1,4
20170309,17,16,25,10.8,1,4
20170309,18,16,25,10.8,1,4
20170309,19,15,27,7.2,1,4
20170309,20,12,51,7.2,1,4
20170309,21,12,58,7.2,1,4
20170309,22,11,58,10.8,1,4
20170309,23,11,58,7.2,1,4
20170310,8,12,72,14.4,1,5
20170310,9,13,72,14.4,1,5
20170310,10,14,67,18.0,1,5
20170310,11,15,63,18.0,1,5
20170310,12,15,63,14.4,1,5
20170310,13,16,55,14.4,1,5
20170310,14,16,55,14.4,1,5
20170310,15,15,59,14.4,1,5
20170310,16,16,55,14.4,1,5
20170310,17,15,63,14.4,1,5
20170310,18,13,63,21.6,1,5
20170310,19,12,67,14.4,1,5
20170310,20,12,72,18.0,1,5
20170310,21,11,82,14.4,1,5
20170310,22,11,82,14.4,1,5
20170310,23,10,82,10.8,1,5
20170311,8,11,82,10.8,1,6
20170311,9,12,77,21.6,1,6
20170311,10,15,59,25.2,1,6
20170311,11,16,55,25.2,1,6
20170311,12,17,42,25.2,1,6
20170311,13,17,34,28.8,1,6
20170311,14,16,31,25.2,1,6
20170311,15,16,36,25.2,1,6
20170311,16,15,39,21.6,1,6
20170311,17,14,44,21.6,1,6
20170311,18,14,48,25.2,1,6
20170311,19,13,54,21.6,1,6
20170311,20,13,58,18.0,1,6
20170311,21,13,58,18.0,1,6
20170311,22,13,63,14.4,1,6
20170311,23,13,63,14.4,1,6
20170312,8,13,82,14.4,1,7
20170312,9,13,82,14.4,1,7
20170312,10,13,82,18.0,1,7
20170312,11,12,94,18.0,2,7
20170312,12,12,94,14.4,2,7
20170312,13,12,94,10.8,2,7
20170312,14,12,94,7.2,2,7
20170312,15,12,94,10.8,2,7
20170312,16,12,94,10.8,2,7
20170312,17,12,94,10.8,2,7
20170312,18,11,94,18.0,2,7
20170312,19,11,94,21.6,2,7
20170312,20,11,94,25.2,2,7
20170312,21,11,94,25.2,2,7
20170312,22,10,87,28.8,2,7
20170312,23,10,87,21.6,2,7
20170313,8,9,93,25.2,2,1
20170313,9,9,87,25.2,2,1
20170313,10,9,87,25.2,3,1
20170313,11,9,87,21.6,2,1
20170313,12,9,87,25.2,2,1
20170313,13,8,87,21.6,2,1
20170313,14,8,87,25.2,2,1
20170313,15,7,81,25.2,2,1
20170313,16,6,87,25.2,2,1
20170313,17,7,81,14.4,1,1
20170313,18,7,87,14.4,2,1
20170313,19,7,81,18.0,2,1
20170313,20,6,87,14.4,2,1
20170313,21,7,87,14.4,2,1
20170313,22,7,81,18.0,1,1
20170313,23,7,81,18.0,1,1
20170314,8,7,71,18.0,1,2
20170314,9,9,62,21.6,1,2
20170314,10,10,58,21.6,1,2
20170314,11,11,50,21.6,1,2
20170314,12,13,47,18.0,1,2
20170314,13,13,44,21.6,1,2
20170314,14,13,41,25.2,1,2
20170314,15,13,41,28.8,1,2
20170314,16,13,36,25.2,1,2
20170314,17,11,41,28.8,1,2
20170314,18,9,43,21.6,1,2
20170314,19,9,43,7.2,1,2
20170314,20,8,53,14.4,1,2
20170314,21,7,57,14.4,1,2
20170314,22,6,66,7.2,1,2
20170314,23,5,76,7.2,1,2
20170315,8,9,62,3.6,1,3
20170315,9,11,47,3.6,1,3
20170315,10,12,28,14.4,1,3
20170315,11,13,25,21.6,1,3
20170315,12,14,27,14.4,1,3
20170315,13,14,27,14.4,1,3
20170315,14,14,29,10.8,1,3
20170315,15,14,29,10.8,1,3
20170315,16,14,31,14.4,1,3
20170315,17,13,36,14.4,1,3
20170315,18,12,41,18.0,1,3
20170315,19,10,43,18.0,1,3
20170315,20,10,62,18.0,1,3
20170315,21,9,66,21.6,1,3
20170315,22,9,58,18.0,1,3
20170315,23,9,58,18.0,1,3
20170316,8,9,66,3.6,1,4
20170316,9,11,62,7.2,1,4
20170316,10,11,54,7.2,1,4
20170316,11,13,47,10.8,1,4
20170316,12,13,51,7.2,1,4
20170316,13,13,51,10.8,1,4
20170316,14,12,51,7.2,1,4
20170316,15,12,54,10.8,1,4
20170316,16,12,54,10.8,1,4
20170316,17,11,58,10.8,1,4
20170316,18,11,62,10.8,1,4
20170316,19,11,58,14.4,1,4
20170316,20,10,66,14.4,1,4
20170316,21,9,66,10.8,1,4
20170316,22,9,66,10.8,1,4
20170316,23,8,71,7.2,1,4
20170317,8,10,62,14.4,1,5
20170317,9,11,58,14.4,1,5
20170317,10,12,47,10.8,1,5
20170317,11,13,44,10.8,1,5
20170317,12,13,47,14.4,1,5
20170317,13,14,41,18.0,1,5
20170317,14,14,38,14.4,1,5
20170317,15,14,38,14.4,1,5
20170317,16,13,51,18.0,1,5
20170317,17,12,54,14.4,1,5
20170317,18,11,58,18.0,1,5
20170317,19,10,66,21.6,1,5
20170317,20,10,71,14.4,1,5
20170317,21,10,71,10.8,1,5
20170317,22,10,71,14.4,1,5
20170317,23,10,71,18.0,1,5
20170318,8,12,72,14.4,1,6
20170318,9,12,72,14.4,1,6
20170318,10,12,67,10.8,1,6
20170318,11,12,67,10.8,1,6
20170318,12,13,63,7.2,1,6
20170318,13,13,63,10.8,1,6
20170318,14,13,58,10.8,1,6
20170318,15,13,54,14.4,1,6
20170318,16,13,51,14.4,1,6
20170318,17,13,44,14.4,1,6
20170318,18,12,38,14.4,1,6
20170318,19,12,51,10.8,1,6
20170318,20,12,67,10.8,1,6
20170318,21,12,72,14.4,1,6
20170318,22,12,72,10.8,1,6
20170318,23,11,82,18.0,1,6
20170319,8,12,77,14.4,1,7
20170319,9,12,72,18.0,1,7
20170319,10,13,63,14.4,1,7
20170319,11,13,58,10.8,1,7
20170319,12,11,76,10.8,2,7
20170319,13,11,82,10.8,3,7
20170319,14,10,82,14.4,2,7
20170319,15,10,87,10.8,2,7
20170319,16,10,87,18.0,2,7
20170319,17,10,87,10.8,1,7
20170319,18,10,82,10.8,1,7
20170319,19,11,76,10.8,1,7
20170319,20,11,82,18.0,1,7
20170319,21,11,82,14.4,1,7
20170319,22,11,82,10.8,1,7
20170319,23,12,82,14.4,1,7
20170320,8,11,100,10.8,1,1
20170320,9,12,94,1.0,1,1
20170320,10,12,94,3.6,2,1
20170320,11,12,94,7.2,2,1
20170320,12,12,100,7.2,2,1
20170320,13,12,100,7.2,2,1
20170320,14,12,94,18.0,1,1
20170320,15,13,88,18.0,1,1
20170320,16,12,94,21.6,1,1
20170320,17,11,100,21.6,2,1
20170320,18,11,94,21.6,2,1
20170320,19,11,94,21.6,2,1
20170320,20,11,94,21.6,2,1
20170320,21,10,100,14.4,2,1
20170320,22,10,94,14.4,1,1
20170320,23,10,94,14.4,2,1
20170321,8,10,82,21.6,1,2
20170321,9,12,77,18.0,1,2
20170321,10,13,72,18.0,1,2
20170321,11,14,63,21.6,1,2
20170321,12,15,59,18.0,1,2
20170321,13,16,52,18.0,1,2
20170321,14,16,52,18.0,1,2
20170321,15,16,48,18.0,1,2
20170321,16,15,55,21.6,1,2
20170321,17,13,63,21.6,1,2
20170321,18,12,58,21.6,1,2
20170321,19,11,54,21.6,1,2
20170321,20,11,58,18.0,1,2
20170321,21,10,66,18.0,1,2
20170321,22,9,62,18.0,1,2
20170321,23,9,62,10.8,1,2
20170322,8,9,76,14.4,2,3
20170322,9,9,82,10.8,2,3
20170322,10,9,82,14.4,2,3
20170322,11,9,82,18.0,2,3
20170322,12,9,87,10.8,2,3
20170322,13,10,76,18.0,2,3
20170322,14,9,82,21.6,2,3
20170322,15,9,82,18.0,2,3
20170322,16,9,82,18.0,2,3
20170322,17,8,87,18.0,2,3
20170322,18,8,93,18.0,2,3
20170322,19,8,87,18.0,2,3
20170322,20,8,87,14.4,1,3
20170322,21,8,87,14.4,2,3
20170322,22,8,93,10.8,2,3
20170322,23,8,93,10.8,2,3
20170323,8,9,93,10.8,1,4
20170323,9,9,93,10.8,1,4
20170323,10,10,87,14.4,1,4
20170323,11,10,87,10.8,1,4
20170323,12,11,82,14.4,1,4
20170323,13,11,82,14.4,1,4
20170323,14,11,76,14.4,1,4
20170323,15,11,82,14.4,1,4
20170323,16,11,76,10.8,1,4
20170323,17,10,82,18.0,1,4
20170323,18,10,82,18.0,1,4
20170323,19,10,76,14.4,1,4
20170323,20,9,82,10.8,1,4
20170323,21,9,82,10.8,1,4
20170323,22,9,82,10.8,1,4
20170323,23,9,82,7.2,1,4
20170324,8,10,76,7.2,1,5
20170324,9,10,76,10.8,1,5
20170324,10,12,72,14.4,1,5
20170324,11,12,67,10.8,1,5
20170324,12,12,67,14.4,1,5
20170324,13,12,62,10.8,1,5
20170324,14,12,67,10.8,1,5
20170324,15,12,67,10.8,1,5
20170324,16,11,71,10.8,1,5
20170324,17,10,82,10.8,2,5
20170324,18,9,87,10.8,2,5
20170324,19,9,93,7.2,2,5
20170324,20,8,87,14.4,2,5
20170324,21,8,81,14.4,2,5
20170324,22,7,87,10.8,2,5
20170324,23,7,81,7.2,1,5
20170325,8,10,82,14.4,4,6
20170325,9,11,71,14.4,1,6
20170325,10,13,63,18.0,5,6
20170325,11,12,62,25.2,1,6
20170325,12,13,67,18.0,1,6
20170325,13,14,59,18.0,1,6
20170325,14,16,45,21.6,1,6
20170325,15,16,45,21.6,1,6
20170325,16,15,51,21.6,1,6
20170325,17,14,55,18.0,1,6
20170325,18,13,58,14.4,1,6
20170325,19,13,63,10.8,1,6
20170325,20,12,67,10.8,1,6
20170325,21,12,67,10.8,5,6
20170325,22,11,71,10.8,5,6
20170325,23,11,71,10.8,5,6
20170326,8,11,76,10.8,4,7
20170326,9,14,55,14.4,5,7
20170326,10,15,48,14.4,5,7
20170326,11,16,45,21.6,5,7
20170326,12,17,39,28.8,5,7
20170326,13,17,37,21.6,1,7
20170326,14,18,34,21.6,1,7
20170326,15,17,37,21.6,1,7
20170326,16,18,34,18.0,1,7
20170326,17,18,32,25.2,1,7
20170326,18,17,30,28.8,1,7
20170326,19,17,30,28.8,1,7
20170326,20,15,36,14.4,1,7
20170326,21,14,41,14.4,1,7
20170326,22,13,44,14.4,1,7
20170326,23,11,50,10.8,1,7
